value,option
10-Guy,10 Guy
1950s-Middle-Finger,1950s Middle Finger
1990s-First-World-Problems,1990s First World Problems
1st-World-Canadian-Problems,1st World Canadian Problems
2nd-Term-Obama,2nd Term Obama
Aaaaand-Its-Gone,Aaaaand Its Gone
Ace-Primo,Ace Primo
Actual-Advice-Mallard,Actual Advice Mallard
Adalia-Rose,Adalia Rose
Admiral-Ackbar-Relationship-Expert,Admiral Ackbar Relationship Expert
Advice-Dog,Advice Dog
Advice-Doge,Advice Doge
Advice-God,Advice God
Advice-Peeta,Advice Peeta
Advice-Tam,Advice Tam
Advice-Yoda,Advice Yoda
Afraid-To-Ask-Andy,Afraid To Ask Andy
Afraid-To-Ask-Andy-Closeup,Afraid To Ask Andy Closeup
Aint-Nobody-Got-Time-For-That,Aint Nobody Got Time For That
Alan-Greenspan,Alan Greenspan
Alarm-Clock,Alarm Clock
Albert-Cagestein,Albert Cagestein
Albert-Einstein-1,Albert Einstein 1
Alien-Meeting-Suggestion,Alien Meeting Suggestion
Alright-Gentlemen-We-Need-A-New-Idea,Alright Gentlemen We Need A New Idea
Always-Has-Been,Always Has Been
Alyssa-Silent-Hill,Alyssa Silent Hill
Am-I-The-Only-One-Around-Here,Am I The Only One Around Here
American-Chopper-Argument,American Chopper Argument
Ancient-Aliens,Ancient Aliens
And-everybody-loses-their-minds,And everybody loses their minds
And-then-I-said-Obama,And then I said Obama
Angry-Asian,Angry Asian
Angry-Baby,Angry Baby
Angry-Birds-Pig,Angry Birds Pig
Angry-Bride,Angry Bride
Angry-Chef-Gordon-Ramsay,Angry Chef Gordon Ramsay
Angry-Chicken-Boss,Angry Chicken Boss
Angry-Dumbledore,Angry Dumbledore
Angry-Koala,Angry Koala
Angry-Rant-Randy,Angry Rant Randy
Angry-Toddler,Angry Toddler
Annoying-Childhood-Friend,Annoying Childhood Friend
Annoying-Facebook-Girl,Annoying Facebook Girl
Anri-Stares,Anri Stares
Anti-Joke-Chicken,Anti Joke Chicken
Apathetic-Xbox-Laser,Apathetic Xbox Laser
Archer,Archer
Are-Your-Parents-Brother-And-Sister,Are Your Parents Brother And Sister
Are-you-a-Wizard,Are you a Wizard
Arrogant-Rich-Man,Arrogant Rich Man
Art-Attack,Art Attack
Art-Student-Owl,Art Student Owl
Arthur-Fist,Arthur Fist
Asshole-Ref,Asshole Ref
Aunt-Carol,Aunt Carol
Austin-Powers-Honestly,Austin Powers Honestly
Aw-Yeah-Rage-Face,Aw Yeah Rage Face
Awkward-Moment-Sealion,Awkward Moment Sealion
Awkward-Olympics,Awkward Olympics
BANE-AND-BRUCE,BANE AND BRUCE
BM-Employees,BM Employees
Babushkas-On-Facebook,Babushkas On Facebook
Baby-Cry,Baby Cry
Baby-Godfather,Baby Godfather
Baby-Insanity-Wolf,Baby Insanity Wolf
Back-In-My-Day,Back In My Day
Bad-Advice-Cat,Bad Advice Cat
Bad-Joke-Eel,Bad Joke Eel
Bad-Luck-Bear,Bad Luck Bear
Bad-Luck-Brian,Bad Luck Brian
Bad-Luck-Hannah,Bad Luck Hannah
Bad-Pun-Anna-Kendrick,Bad Pun Anna Kendrick
Bad-Pun-Dog,Bad Pun Dog
Bad-Wife-Worse-Mom,Bad Wife Worse Mom
Bah-Humbug,Bah Humbug
Bane,Bane
Bane-Permission,Bane Permission
Barack-And-Kumar-2013,Barack And Kumar 2013
Barba,Barba
Barbosa-And-Sparrow,Barbosa And Sparrow
Barney-Stinson-Win,Barney Stinson Win
Baromney,Baromney
Baron-Creater,Baron Creater
Bart-Simpson-Peeking,Bart Simpson Peeking
Batman-And-Superman,Batman And Superman
Batman-Slapping-Robin,Batman Slapping Robin
Batman-Smiles,Batman Smiles
Batmobile,Batmobile
Bazooka-Squirrel,Bazooka Squirrel
Be-Like-Bill,Be Like Bill
Bear-Grylls,Bear Grylls
Beard-Baby,Beard Baby
Bebo,Bebo
Because-Race-Car,Because Race Car
Ben-Barba-Pointing,Ben Barba Pointing
Bender,Bender
Benito,Benito
Bernie-I-Am-Once-Again-Asking-For-Your-Support,Bernie I Am Once Again Asking For Your Support
Beyonce-Knowles-Superbowl,Beyonce Knowles Superbowl
Beyonce-Knowles-Superbowl-Face,Beyonce Knowles Superbowl Face
Beyonce-Superbowl-Yell,Beyonce Superbowl Yell
Big-Bird,Big Bird
Big-Bird-And-Mitt-Romney,Big Bird And Mitt Romney
Big-Bird-And-Snuffy,Big Bird And Snuffy
Big-Ego-Man,Big Ego Man
Big-Family-Comeback,Big Family Comeback
Bike-Fall,Bike Fall
Bill-Murray-Golf,Bill Murray Golf
Bill-Nye-The-Science-Guy,Bill Nye The Science Guy
Bill-OReilly,Bill OReilly
Billy-Graham-Mitt-Romney,Billy Graham Mitt Romney
Bitch-Please,Bitch Please
Black-Girl-Wat,Black Girl Wat
Blank-Blue-Background,Blank Blue Background
Blank-Colored-Background,Blank Colored Background
Blank-Comic-Panel-1x2,Blank Comic Panel 1x2
Blank-Comic-Panel-2x1,Blank Comic Panel 2x1
Blank-Comic-Panel-2x2,Blank Comic Panel 2x2
Blank-Nut-Button,Blank Nut Button
Blank-Starter-Pack,Blank Starter Pack
Blank-Transparent-Square,Blank Transparent Square
Blank-Yellow-Sign,Blank Yellow Sign
Blob,Blob
Blue-Futurama-Fry,Blue Futurama Fry
Boardroom-Meeting-Suggestion,Boardroom Meeting Suggestion
Bonobo-Lyfe,Bonobo Lyfe
Booty-Warrior,Booty Warrior
Bothered-Bond,Bothered Bond
Brace-Yourselves-X-is-Coming,Brace Yourselves X is Coming
Brian-Burke-On-The-Phone,Brian Burke On The Phone
Brian-Griffin,Brian Griffin
Brian-Williams-Was-There,Brian Williams Was There
Brian-Williams-Was-There-2,Brian Williams Was There 2
Brian-Williams-Was-There-3,Brian Williams Was There 3
Brian-Wilson-Vs-ZZ-Top,Brian Wilson Vs ZZ Top
Britney-Spears,Britney Spears
Bubba-And-Barack,Bubba And Barack
Buddy-Christ,Buddy Christ
Buddy-The-Elf,Buddy The Elf
Buff-Doge-vs-Cheems,Buff Doge vs Cheems
Bullets,Bullets
Burn-Kitty,Burn Kitty
Business-Cat,Business Cat
But-Thats-None-Of-My-Business,But Thats None Of My Business
But-Thats-None-Of-My-Business-Neutral,But Thats None Of My Business Neutral
Butthurt-Dweller,Butthurt Dweller
CASHWAG-Crew,CASHWAG Crew
CURLEY,CURLEY
Captain-Hindsight,Captain Hindsight
Captain-Phillips-Im-The-Captain-Now,Captain Phillips Im The Captain Now
Captain-Picard-Facepalm,Captain Picard Facepalm
Car-Salesman-Slaps-Hood,Car Salesman Slaps Hood
Casper,Casper
Castaway-Fire,Castaway Fire
Ceiling-Cat,Ceiling Cat
Cel-Jesuno,Cel Jesuno
Cereal-Guy,Cereal Guy
Cereal-Guy-Spitting,Cereal Guy Spitting
Cereal-Guys-Daddy,Cereal Guys Daddy
Chad-Johnson,Chad Johnson
Chainsaw-Bear,Chainsaw Bear
Challenge-Accepted-Rage-Face,Challenge Accepted Rage Face
Change-My-Mind,Change My Mind
Charlie-Sheen-Derp,Charlie Sheen Derp
Chavez,Chavez
Chef-Gordon-Ramsay,Chef Gordon Ramsay
Chemistry-Cat,Chemistry Cat
Chester-The-Cat,Chester The Cat
Chicken-Bob,Chicken Bob
Chief-Keef,Chief Keef
Chihuahua-dog,Chihuahua dog
Chill-Out-Lemur,Chill Out Lemur
Chinese-Cat,Chinese Cat
Chocolate-Spongebob,Chocolate Spongebob
Chubby-Bubbles-Girl,Chubby Bubbles Girl
Chuck-Norris,Chuck Norris
Chuck-Norris-Approves,Chuck Norris Approves
Chuck-Norris-Finger,Chuck Norris Finger
Chuck-Norris-Flex,Chuck Norris Flex
Chuck-Norris-Guns,Chuck Norris Guns
Chuck-Norris-Laughing,Chuck Norris Laughing
Chuck-Norris-Phone,Chuck Norris Phone
Chuck-Norris-With-Guns,Chuck Norris With Guns
Chuckchuckchuck,Chuckchuckchuck
City-Bear,City Bear
Cleavage-Girl,Cleavage Girl
Clefable,Clefable
Close-Enough,Close Enough
Clown-Applying-Makeup,Clown Applying Makeup
College-Freshman,College Freshman
College-Liberal,College Liberal
Comic-Book-Guy,Comic Book Guy
Computer-Guy,Computer Guy
Computer-Guy-Facepalm,Computer Guy Facepalm
Computer-Horse,Computer Horse
Condescending-Goku,Condescending Goku
Condescending-Wonka,Condescending Wonka
Confession-Bear,Confession Bear
Confused-Cam,Confused Cam
Confused-Gandalf,Confused Gandalf
Confused-Granddad,Confused Granddad
Confused-Lebowski,Confused Lebowski
Confused-Mel-Gibson,Confused Mel Gibson
Conspiracy-Keanu,Conspiracy Keanu
Consuela,Consuela
Contradictory-Chris,Contradictory Chris
Cool-Cat-Stroll,Cool Cat Stroll
Cool-Obama,Cool Obama
Cool-Story-Bro,Cool Story Bro
Corona,Corona
Costanza,Costanza
Coulson,Coulson
Courage-Wolf,Courage Wolf
Crazy-Dawg,Crazy Dawg
Crazy-Girlfriend-Praying-Mantis,Crazy Girlfriend Praying Mantis
Crazy-Hispanic-Man,Crazy Hispanic Man
Creeper-Dog,Creeper Dog
Creepy-Condescending-Wonka,Creepy Condescending Wonka
Criana,Criana
Crosseyed-Goku,Crosseyed Goku
Crying-Because-Of-Cute,Crying Because Of Cute
Cute-Cat,Cute Cat
Cute-Dog,Cute Dog
Cute-Puppies,Cute Puppies
DJ-Pauly-D,DJ Pauly D
Dad-Joke-Dog,Dad Joke Dog
Dafuq-Did-I-Just-Read,Dafuq Did I Just Read
Dallas-Cowboys,Dallas Cowboys
Dancing-Trollmom,Dancing Trollmom
Darth-Maul,Darth Maul
Darti-Boy,Darti Boy
Dat-Ass,Dat Ass
Dat-Boi,Dat Boi
Dating-Site-Murderer,Dating Site Murderer
Dave-Chappelle,Dave Chappelle
Dead-Space,Dead Space
Deadpool-Pick-Up-Lines,Deadpool Pick Up Lines
Deadpool-Surprised,Deadpool Surprised
Depressed-Cat,Depressed Cat
Depression-Dog,Depression Dog
Derp,Derp
Derpina,Derpina
Determined-Guy-Rage-Face,Determined Guy Rage Face
Dexter,Dexter
Dick-Cheney,Dick Cheney
Disappointed-Tyson,Disappointed Tyson
Disaster-Girl,Disaster Girl
Distracted-Boyfriend,Distracted Boyfriend
Do-I-Care-Doe,Do I Care Doe
Doge,Doge
Doge-2,Doge 2
Dolph-Ziggler-Sells,Dolph Ziggler Sells
Donald-Trump-sewing-his-name-into-the-American-Flag,Donald Trump sewing his name into the American Flag
Dont-You-Squidward,Dont You Squidward
DoucheBag-DJ,DoucheBag DJ
Doug,Doug
Down-Syndrome,Down Syndrome
Downcast-Dark-Souls,Downcast Dark Souls
Downvoting-Roman,Downvoting Roman
Dr-Crane,Dr Crane
Dr-Evil,Dr Evil
Dr-Evil-Laser,Dr Evil Laser
Drake-Bad-Good,Drake Bad Good
Drake-Hotline-Bling,Drake Hotline Bling
Drunk-Baby,Drunk Baby
Duck-Face,Duck Face
Duck-Face-Chicks,Duck Face Chicks
Dumb-Blonde,Dumb Blonde
Dwight-Schrute,Dwight Schrute
Dwight-Schrute-2,Dwight Schrute 2
ERMAHGERD-TWERLERT,ERMAHGERD TWERLERT
Edu-Camargo,Edu Camargo
Edward-Elric-1,Edward Elric 1
Efrain-Juarez,Efrain Juarez
Eighties-Teen,Eighties Teen
Eminem,Eminem
Empty-Red-And-Black,Empty Red And Black
Endel-Tulviste,Endel Tulviste
Engineering-Professor,Engineering Professor
Epic-Handshake,Epic Handshake
Epicurist-Kid,Epicurist Kid
Ermahgerd-Berks,Ermahgerd Berks
Ermahgerd-Beyonce,Ermahgerd Beyonce
Ermahgerd-IPHERN-3GM,Ermahgerd IPHERN 3GM
Error-404,Error 404
Evil-Baby,Evil Baby
Evil-Cows,Evil Cows
Evil-Kermit,Evil Kermit
Evil-Otter,Evil Otter
Evil-Plotting-Raccoon,Evil Plotting Raccoon
Evil-Toddler,Evil Toddler
Excited-Cat,Excited Cat
Excited-Minions,Excited Minions
Expanding-Brain,Expanding Brain
Eye-Of-Sauron,Eye Of Sauron
FFFFFFFUUUUUUUUUUUU,FFFFFFFUUUUUUUUUUUU
FRANGO,FRANGO
Fabulous-Frank-And-His-Snake,Fabulous Frank And His Snake
Face-You-Make-Robert-Downey-Jr,Face You Make Robert Downey Jr
Facepalm-Bear,Facepalm Bear
Fake-Hurricane-Guy,Fake Hurricane Guy
Family-Guy-Brian,Family Guy Brian
Family-Guy-Peter,Family Guy Peter
Family-Tech-Support-Guy,Family Tech Support Guy
Fast-Furious-Johnny-Tran,Fast Furious Johnny Tran
Fat-Cat,Fat Cat
Fat-Val-Kilmer,Fat Val Kilmer
Father-Ted,Father Ted
Fear-And-Loathing-Cat,Fear And Loathing Cat
Feels-Bad-Frog---Feels-Bad-Man,Feels Bad Frog   Feels Bad Man
Felix-Baumgartner,Felix Baumgartner
Felix-Baumgartner-Lulz,Felix Baumgartner Lulz
Fernando-Litre,Fernando Litre
Fifa-E-Call-Of-Duty,Fifa E Call Of Duty
Fim-De-Semana,Fim De Semana
Finding-Neverland,Finding Neverland
Fini,Fini
Finn-The-Human,Finn The Human
First-Day-On-The-Internet-Kid,First Day On The Internet Kid
First-World-Frat-Guy,First World Frat Guy
First-World-Problems,First World Problems
First-World-Problems-Cat,First World Problems Cat
First-World-Stoner-Problems,First World Stoner Problems
Fk-Yeah,Fk Yeah
Flavor-Flav,Flavor Flav
Foal-Of-Mine,Foal Of Mine
Folean-Dynamite,Folean Dynamite
Forever-Alone,Forever Alone
Forever-Alone-Christmas,Forever Alone Christmas
Forever-Alone-Happy,Forever Alone Happy
Foul-Bachelor-Frog,Foul Bachelor Frog
Foul-Bachelorette-Frog,Foul Bachelorette Frog
Friend-Zone-Fiona,Friend Zone Fiona
Frowning-Nun,Frowning Nun
Frustrated-Boromir,Frustrated Boromir
Frustrating-Mom,Frustrating Mom
Futurama-Fry,Futurama Fry
Futurama-Leela,Futurama Leela
Futurama-Zoidberg,Futurama Zoidberg
Gaga-Baby,Gaga Baby
Gandhi,Gandhi
Gangnam-Style,Gangnam Style
Gangnam-Style-PSY,Gangnam Style PSY
Gangnam-Style2,Gangnam Style2
Gangster-Baby,Gangster Baby
Gasp-Rage-Face,Gasp Rage Face
George-Bush,George Bush
George-Washington,George Washington
Ghetto-Jesus,Ghetto Jesus
Ghost-Nappa,Ghost Nappa
Giovanni-Vernia,Giovanni Vernia
Give-me-Karma---Beating-the-dead-horse,Give me Karma   Beating the dead horse
Gladys-Falcon,Gladys Falcon
God,God
Gollum,Gollum
Good-Fellas-Hilarious,Good Fellas Hilarious
Good-Guy-Greg,Good Guy Greg
Good-Guy-Pizza-Rolls,Good Guy Pizza Rolls
Good-Guy-Putin,Good Guy Putin
Good-Guy-Socially-Awkward-Penguin,Good Guy Socially Awkward Penguin
Google-Chrome,Google Chrome
Gordo,Gordo
Got-Room-For-One-More,Got Room For One More
Gotta-Go-Cat,Gotta Go Cat
Grandma-Finds-The-Internet,Grandma Finds The Internet
Green-Day,Green Day
Grumpy-Cat,Grumpy Cat
Grumpy-Cat-Bed,Grumpy Cat Bed
Grumpy-Cat-Birthday,Grumpy Cat Birthday
Grumpy-Cat-Christmas,Grumpy Cat Christmas
Grumpy-Cat-Does-Not-Believe,Grumpy Cat Does Not Believe
Grumpy-Cat-Halloween,Grumpy Cat Halloween
Grumpy-Cat-Happy,Grumpy Cat Happy
Grumpy-Cat-Mistletoe,Grumpy Cat Mistletoe
Grumpy-Cat-Not-Amused,Grumpy Cat Not Amused
Grumpy-Cat-Reverse,Grumpy Cat Reverse
Grumpy-Cat-Sky,Grumpy Cat Sky
Grumpy-Cat-Star-Wars,Grumpy Cat Star Wars
Grumpy-Cat-Table,Grumpy Cat Table
Grumpy-Cat-Top-Hat,Grumpy Cat Top Hat
Grumpy-Cats-Father,Grumpy Cats Father
Grumpy-Toad,Grumpy Toad
Grus-Plan,Grus Plan
Guinness-World-Record,Guinness World Record
Guy-Fawkes,Guy Fawkes
Guy-Holding-Cardboard-Sign,Guy Holding Cardboard Sign
Hal-Jordan,Hal Jordan
Hamtaro,Hamtaro
Han-Solo,Han Solo
Happy-Guy-Rage-Face,Happy Guy Rage Face
Happy-Minaj,Happy Minaj
Happy-Minaj-2,Happy Minaj 2
Happy-Star-Congratulations,Happy Star Congratulations
Hard-To-Swallow-Pills,Hard To Swallow Pills
Hardworking-Guy,Hardworking Guy
Harley-Quinn,Harley Quinn
Harmless-Scout-Leader,Harmless Scout Leader
Harper-WEF,Harper WEF
Harry-Potter-Ok,Harry Potter Ok
Hawkward,Hawkward
He-Needs-The-Vaccine,He Needs The Vaccine
He-Will-Never-Get-A-Girlfriend,He Will Never Get A Girlfriend
Headbanzer,Headbanzer
Headless-Rider-DRRR,Headless Rider DRRR
Heavy-Breathing-Cat,Heavy Breathing Cat
Hedonism-Bot,Hedonism Bot
Hello-Kassem,Hello Kassem
Hello-Kitty,Hello Kitty
Helpful-Tyler-Durden,Helpful Tyler Durden
Henry-David-Thoreau,Henry David Thoreau
Hercules-Hades,Hercules Hades
Heres-Johnny,Heres Johnny
Herm-Edwards,Herm Edwards
Hey-Internet,Hey Internet
Hide-Yo-Kids-Hide-Yo-Wife,Hide Yo Kids Hide Yo Wife
Hide-the-Pain-Harold,Hide the Pain Harold
High-Dog,High Dog
High-Expectations-Asian-Father,High Expectations Asian Father
Hillary-Clinton,Hillary Clinton
Hillary-Clinton-Cellphone,Hillary Clinton Cellphone
Hipster-Ariel,Hipster Ariel
Hipster-Barista,Hipster Barista
Hipster-Kitty,Hipster Kitty
Hohoho,Hohoho
Homophobic-Seal,Homophobic Seal
Hoody-Cat,Hoody Cat
Hora-Extra,Hora Extra
Hornist-Hamster,Hornist Hamster
Horny-Harry,Horny Harry
Hot-Caleb,Hot Caleb
Hot-Scale,Hot Scale
Hotline-Miami-Richard,Hotline Miami Richard
House-Bunny,House Bunny
How-About-No-Bear,How About No Bear
How-Tough-Are-You,How Tough Are You
Hypnotoad,Hypnotoad
Hypocritical-Islam-Terrorist,Hypocritical Islam Terrorist
Hysterical-Tom,Hysterical Tom
I-Am-Not-A-Gator-Im-A-X,I Am Not A Gator Im A X
I-Bet-Hes-Thinking-About-Other-Women,I Bet Hes Thinking About Other Women
I-Forsee,I Forsee
I-Guarantee-It,I Guarantee It
I-Have-No-Idea-What-I-Am-Doing,I Have No Idea What I Am Doing
I-Have-No-Idea-What-I-Am-Doing-Dog,I Have No Idea What I Am Doing Dog
I-Know-Fuck-Me-Right,I Know Fuck Me Right
I-Know-That-Feel-Bro,I Know That Feel Bro
I-Lied-2,I Lied 2
I-See-Dead-People,I See Dead People
I-Should-Buy-A-Boat-Cat,I Should Buy A Boat Cat
I-Too-Like-To-Live-Dangerously,I Too Like To Live Dangerously
I-Was-Told-There-Would-Be,I Was Told There Would Be
I-Will-Find-You-And-Kill-You,I Will Find You And Kill You
Idiot-Nerd-Girl,Idiot Nerd Girl
Idiotaco,Idiotaco
If-You-Know-What-I-Mean-Bean,If You Know What I Mean Bean
Ill-Have-You-Know-Spongebob,Ill Have You Know Spongebob
Ill-Just-Wait-Here,Ill Just Wait Here
Im-Curious-Nappa,Im Curious Nappa
Im-Fabulous-Adam,Im Fabulous Adam
Im-The-Captain-Now,Im The Captain Now
Imagination-Spongebob,Imagination Spongebob
Impossibru-Guy-Original,Impossibru Guy Original
Inception,Inception
Inhaling-Seagull,Inhaling Seagull
Inigo-Montoya,Inigo Montoya
Innocent-Sasha,Innocent Sasha
Insanity-Puppy,Insanity Puppy
Insanity-Wolf,Insanity Wolf
Intelligent-Dog,Intelligent Dog
Internet-Explorer,Internet Explorer
Internet-Guide,Internet Guide
Interupting-Kanye,Interupting Kanye
Invalid-Argument-Vader,Invalid Argument Vader
Is-This-A-Pigeon,Is This A Pigeon
Islam-Rage---Angry-Muslim,Islam Rage   Angry Muslim
Its-Finally-Over,Its Finally Over
Its-Not-Going-To-Happen,Its Not Going To Happen
Its-True-All-of-It-Han-Solo,Its True All of It Han Solo
Jack-Nicholson-The-Shining-Snow,Jack Nicholson The Shining Snow
Jack-Sparrow-Being-Chased,Jack Sparrow Being Chased
Jackie-Chan-WTF,Jackie Chan WTF
Jammin-Baby,Jammin Baby
Jay-Knows-Facts,Jay Knows Facts
Jehovas-Witness-Squirrel,Jehovas Witness Squirrel
Jerkoff-Javert,Jerkoff Javert
Jersey-Santa,Jersey Santa
Jessica-Nigri-Cosplay,Jessica Nigri Cosplay
Jesus-Talking-To-Cool-Dude,Jesus Talking To Cool Dude
Jim-Lehrer-The-Man,Jim Lehrer The Man
Joe-Biden,Joe Biden
John-Riley-Condescension,John Riley Condescension
Joker,Joker
Joker-Rainbow-Hands,Joker Rainbow Hands
Jon-Stewart-Skeptical,Jon Stewart Skeptical
Joo-Espontneo,Joo Espontneo
Joseph-Ducreux,Joseph Ducreux
Justin-Bieber-Suit,Justin Bieber Suit
Karate-Kid,Karate Kid
Karate-Kyle,Karate Kyle
Keep-Calm-And-Carry-On-Aqua,Keep Calm And Carry On Aqua
Keep-Calm-And-Carry-On-Black,Keep Calm And Carry On Black
Keep-Calm-And-Carry-On-Purple,Keep Calm And Carry On Purple
Keep-Calm-And-Carry-On-Red,Keep Calm And Carry On Red
Kevin-Hart,Kevin Hart
Kevin-Hart-The-Hell,Kevin Hart The Hell
Kill-You-Cat,Kill You Cat
Kill-Yourself-Guy,Kill Yourself Guy
Kim-Jong-Il-Y-U-No,Kim Jong Il Y U No
Kim-Jong-Un-Sad,Kim Jong Un Sad
Koala,Koala
Kobe,Kobe
Kool-Kid-Klan,Kool Kid Klan
Krusty-Krab-Vs-Chum-Bucket,Krusty Krab Vs Chum Bucket
Krusty-Krab-Vs-Chum-Bucket-Blank,Krusty Krab Vs Chum Bucket Blank
Kyon-Face-Palm,Kyon Face Palm
LIGAF,LIGAF
LOL-Guy,LOL Guy
Lame-Pun-Coon,Lame Pun Coon
Larfleeze,Larfleeze
Larry-The-Cable-Guy,Larry The Cable Guy
Laughing-Goat,Laughing Goat
Laughing-Leo,Laughing Leo
Laughing-Men-In-Suits,Laughing Men In Suits
Laughing-Villains,Laughing Villains
Laundry-Viking,Laundry Viking
Lazy-College-Senior,Lazy College Senior
Left-Exit-12-Off-Ramp,Left Exit 12 Off Ramp
Legal-Bill-Murray,Legal Bill Murray
Leonardo-Dicaprio-Cheers,Leonardo Dicaprio Cheers
Leonardo-Dicaprio-Wolf-Of-Wall-Street,Leonardo Dicaprio Wolf Of Wall Street
Lethal-Weapon-Danny-Glover,Lethal Weapon Danny Glover
Lewandowski-E-Reus,Lewandowski E Reus
Liam-Neeson-Taken,Liam Neeson Taken
Liam-Neeson-Taken-2,Liam Neeson Taken 2
Life-Sucks,Life Sucks
Lil-Wayne,Lil Wayne
Lion-King,Lion King
Little-Romney,Little Romney
Look-At-All-These,Look At All These
Look-At-Me,Look At Me
Look-Son,Look Son
Luiz-Fabiano,Luiz Fabiano
Macklemore-Thrift-Store,Macklemore Thrift Store
Mad-Money-Jim-Cramer,Mad Money Jim Cramer
Mad-Moxxi,Mad Moxxi
Malicious-Advice-Mallard,Malicious Advice Mallard
Mamimoe,Mamimoe
Manning-Broncos,Manning Broncos
Mario-Hammer-Smash,Mario Hammer Smash
Marked-Safe-From,Marked Safe From
Maroney-And-Obama-Not-Impressed,Maroney And Obama Not Impressed
Marvel-Civil-War,Marvel Civil War
Marvel-Civil-War-1,Marvel Civil War 1
Marvel-Civil-War-2,Marvel Civil War 2
Matanza,Matanza
Matrix-Morpheus,Matrix Morpheus
Maury-Lie-Detector,Maury Lie Detector
Mayu-Watanabe,Mayu Watanabe
McKayla-Maroney-Not-Impressed,McKayla Maroney Not Impressed
McKayla-Maroney-Not-Impressed2,McKayla Maroney Not Impressed2
McMelch,McMelch
Mega-Rage-Face,Mega Rage Face
Member-Berries,Member Berries
Meme-Dad-Creature,Meme Dad Creature
Memeo,Memeo
Men-In-Black,Men In Black
Men-Laughing,Men Laughing
Merida-Brave,Merida Brave
Metal-Jesus,Metal Jesus
Mexican-Pizza,Mexican Pizza
Michael-Jackson-Popcorn,Michael Jackson Popcorn
Michael-Phelps-Death-Stare,Michael Phelps Death Stare
Minegishi-Minami,Minegishi Minami
Minegishi-Minami2,Minegishi Minami2
Minor-Mistake-Marvin,Minor Mistake Marvin
Misunderstood-Mitch,Misunderstood Mitch
Mitch-McConnell,Mitch McConnell
Mocking-Spongebob,Mocking Spongebob
Modern-Warfare-3,Modern Warfare 3
Molly-Weasley,Molly Weasley
Money-Man,Money Man
Money-Money,Money Money
Monkey-Business,Monkey Business
Monkey-OOH,Monkey OOH
Monkey-Puppet,Monkey Puppet
Morgan-Freeman-Good-Luck,Morgan Freeman Good Luck
Morpheus,Morpheus
Morty,Morty
Mother-Of-God,Mother Of God
Mozart-Not-Sure,Mozart Not Sure
Mr-Black-Knows-Everything,Mr Black Knows Everything
Mr-Krabs-Blur-Meme,Mr Krabs Blur Meme
Mr-Mackey,Mr Mackey
Mr-T,Mr T
Mr-T-Pity-The-Fool,Mr T Pity The Fool
Mugatu-So-Hot-Right-Now,Mugatu So Hot Right Now
Multi-Doge,Multi Doge
Murica,Murica
Muschamp,Muschamp
Musically-Oblivious-8th-Grader,Musically Oblivious 8th Grader
NPC,NPC
Nabilah-Jkt48,Nabilah Jkt48
Nailed-It,Nailed It
Nakagawa-Haruka,Nakagawa Haruka
Natsu,Natsu
Neil-deGrasse-Tyson,Neil deGrasse Tyson
Net-Noob,Net Noob
Nice-Guy-Loki,Nice Guy Loki
Nickleback,Nickleback
Nicolas-Cage---You-dont-say,Nicolas Cage   You dont say
Nilo,Nilo
Nissim-Ourfali,Nissim Ourfali
No-Bullshit-Business-Baby,No Bullshit Business Baby
No-I-Cant-Obama,No I Cant Obama
No-Nappa-Its-A-Trick,No Nappa Its A Trick
No-Patrick,No Patrick
Not-Bad-Obama,Not Bad Obama
Not-Okay-Rage-Face,Not Okay Rage Face
"Not-a-Meme,-Just-Boobs","Not a Meme, Just Boobs"
Nuclear-Explosion,Nuclear Explosion
OMG-Cat,OMG Cat
OMG-Karen,OMG Karen
Obama,Obama
Obama-Cowboy-Hat,Obama Cowboy Hat
Obama-No-Listen,Obama No Listen
Obama-Romney-Pointing,Obama Romney Pointing
Obi-Wan-Kenobi,Obi Wan Kenobi
Oblivious-Hot-Girl,Oblivious Hot Girl
Officer-Cartman,Officer Cartman
Oh-My-God-Orange,Oh My God Orange
Oh-No,Oh No
Okay-Guy-Rage-Face,Okay Guy Rage Face
Okay-Guy-Rage-Face2,Okay Guy Rage Face2
Okay-Truck,Okay Truck
Oku-Manami,Oku Manami
Onde,Onde
One-Does-Not-Simply,One Does Not Simply
Oprah-You-Get-A,Oprah You Get A
Oprah-You-Get-A-Car-Everybody-Gets-A-Car,Oprah You Get A Car Everybody Gets A Car
Optimistic-Niall,Optimistic Niall
Ordinary-Muslim-Man,Ordinary Muslim Man
Original-Bad-Luck-Brian,Original Bad Luck Brian
Original-I-Lied,Original I Lied
Original-Stoner-Dog,Original Stoner Dog
Osabama,Osabama
Our-Glorious-Leader-Nicolas-Cage,Our Glorious Leader Nicolas Cage
Over-Educated-Problems,Over Educated Problems
Overjoyed,Overjoyed
Overly-Attached-Father,Overly Attached Father
Overly-Attached-Girlfriend,Overly Attached Girlfriend
Overly-Attached-Nicolas-Cage,Overly Attached Nicolas Cage
Overly-Manly-Man,Overly Manly Man
Overly-Suave-IT-Guy,Overly Suave IT Guy
PPAP,PPAP
PTSD-Clarinet-Boy,PTSD Clarinet Boy
Packers,Packers
Panik-Kalm-Panik,Panik Kalm Panik
Papa-Fking-John,Papa Fking John
Paranoid-Parrot,Paranoid Parrot
Pat-Quinn,Pat Quinn
Pathetic-Spidey,Pathetic Spidey
Patrick-Bateman,Patrick Bateman
Patrick-Henry,Patrick Henry
Patrick-Says,Patrick Says
Patriotic-Eagle,Patriotic Eagle
Paul-Ryan,Paul Ryan
Paul-Wonder-Years,Paul Wonder Years
Pedobear,Pedobear
Pedophile-Orochimaru,Pedophile Orochimaru
Pelosi,Pelosi
Penguin-Gang,Penguin Gang
Pentagon-Hexagon-Octagon,Pentagon Hexagon Octagon
Pepperidge-Farm-Remembers,Pepperidge Farm Remembers
Perfection-Michael-Fassbender,Perfection Michael Fassbender
Permission-Bane,Permission Bane
Persian-Cat-Room-Guardian,Persian Cat Room Guardian
Persian-Cat-Room-Guardian-Single,Persian Cat Room Guardian Single
Perturbed-Portman,Perturbed Portman
Peter-Griffin-News,Peter Griffin News
Peter-Parker-Cry,Peter Parker Cry
Philosoraptor,Philosoraptor
Photogenic-College-Football-Player,Photogenic College Football Player
Photogenic-Scene-Guy,Photogenic Scene Guy
Picard-Wtf,Picard Wtf
Pickle-Rick,Pickle Rick
Pickup-Line-Panda,Pickup Line Panda
Pickup-Master,Pickup Master
Pickup-Professor,Pickup Professor
Pillow-Pet,Pillow Pet
Pink-Escalade,Pink Escalade
Pinky-and-the-Brain,Pinky and the Brain
Pissed-Off-Obama,Pissed Off Obama
Police-Officer-Testifying,Police Officer Testifying
Pony-Shrugs,Pony Shrugs
Pope-Nicolas-Cage,Pope Nicolas Cage
Portuguese,Portuguese
Pothead-Fry,Pothead Fry
Predator,Predator
Premature-Pete,Premature Pete
Presidential-Alert,Presidential Alert
Priority-Peter,Priority Peter
Professor-Oak,Professor Oak
Proper-Lady,Proper Lady
Psy-Horse-Dance,Psy Horse Dance
Put-It-Somewhere-Else-Patrick,Put It Somewhere Else Patrick
Putin,Putin
Question-Rage-Face,Question Rage Face
Questionable-Strategy-Kobe,Questionable Strategy Kobe
Quit-Hatin,Quit Hatin
RPG-Fan,RPG Fan
Rarity,Rarity
Rasta-Science-Teacher,Rasta Science Teacher
Really-Evil-College-Teacher,Really Evil College Teacher
Rebecca-Black,Rebecca Black
Redditors-Wife,Redditors Wife
Rediculously-Well-Mannered-Athlete,Rediculously Well Mannered Athlete
Redneck-Randal,Redneck Randal
Reimu-Hakurei,Reimu Hakurei
Relaxed-Office-Guy,Relaxed Office Guy
Religious-Couple,Religious Couple
Rena-Matsui,Rena Matsui
Rich-Guy-Dont-Care,Rich Guy Dont Care
Rich-Raven,Rich Raven
Richard-Benson,Richard Benson
Rick,Rick
Rick-Grimes,Rick Grimes
Rick-and-Carl,Rick and Carl
Rick-and-Carl-3,Rick and Carl 3
Rick-and-Carl-Long,Rick and Carl Long
Rick-and-Carl-Longer,Rick and Carl Longer
Ridiculously-Photogenic-Guy,Ridiculously Photogenic Guy
Ridiculously-Photogenic-Judge,Ridiculously Photogenic Judge
Right-In-The-Childhood,Right In The Childhood
Rmoney-Again,Rmoney Again
Rob-In-The-Hood,Rob In The Hood
Robots,Robots
Rocket-Raccoon,Rocket Raccoon
Rodgers-Doublecheck,Rodgers Doublecheck
Roll-Safe-Think-About-It,Roll Safe Think About It
Romney,Romney
Romney-And-Ryan,Romney And Ryan
Romney-Bong,Romney Bong
Romneys-Hindenberg,Romneys Hindenberg
Ron-Burgundy,Ron Burgundy
Ron-Swanson,Ron Swanson
Running-Away-Balloon,Running Away Balloon
Ryan-Gosling,Ryan Gosling
Sad-Axl,Sad Axl
Sad-Baby,Sad Baby
Sad-Cat,Sad Cat
Sad-Keanu,Sad Keanu
Sad-Pablo-Escobar,Sad Pablo Escobar
Sad-Spiderman,Sad Spiderman
Sad-X-All-The-Y,Sad X All The Y
Sadly-I-Am-Only-An-Eel,Sadly I Am Only An Eel
Samuel-Jackson-Glance,Samuel Jackson Glance
Samuel-L-Jackson,Samuel L Jackson
Sarcastic-Anthony,Sarcastic Anthony
Sassy-Iguana,Sassy Iguana
Satisfied-Seal,Satisfied Seal
Saw-Fulla,Saw Fulla
Say-That-Again-I-Dare-You,Say That Again I Dare You
Scared-Cat,Scared Cat
Scary-Harry,Scary Harry
Scene-Wolf,Scene Wolf
Scooby-Doo,Scooby Doo
Scott-Howson,Scott Howson
Scrooge-McDuck,Scrooge McDuck
Scrooge-McDuck-2,Scrooge McDuck 2
Scumbag-Boss,Scumbag Boss
Scumbag-Brain,Scumbag Brain
Scumbag-Daylight-Savings-Time,Scumbag Daylight Savings Time
Scumbag-Girl,Scumbag Girl
Scumbag-Job-Market,Scumbag Job Market
Scumbag-MSNBC,Scumbag MSNBC
Scumbag-Minecraft,Scumbag Minecraft
Scumbag-Miraak,Scumbag Miraak
Scumbag-Muslim,Scumbag Muslim
Scumbag-Parents,Scumbag Parents
Scumbag-Redditor,Scumbag Redditor
Scumbag-Steve,Scumbag Steve
Secure-Parking,Secure Parking
See-Nobody-Cares,See Nobody Cares
Self-Loathing-Otter,Self Loathing Otter
Selfish-Ozzy,Selfish Ozzy
Sergeant-Hartmann,Sergeant Hartmann
Serious-Xzibit,Serious Xzibit
Seriously-Face,Seriously Face
Sexual-Deviant-Walrus,Sexual Deviant Walrus
Sexually-Oblivious-Girlfriend,Sexually Oblivious Girlfriend
Sexually-Oblivious-Rhino,Sexually Oblivious Rhino
Sexy-Railroad-Spiderman,Sexy Railroad Spiderman
Shaq-Only-Smokes-The-Dankest,Shaq Only Smokes The Dankest
Sheltering-Suburban-Mom,Sheltering Suburban Mom
Shocked-Ape,Shocked Ape
Short-Satisfaction-VS-Truth,Short Satisfaction VS Truth
Shouter,Shouter
Shrek-Cat,Shrek Cat
Shut-Up-And-Take-My-Money-Fry,Shut Up And Take My Money Fry
Shutup-Batty-Boy,Shutup Batty Boy
Sidious-Error,Sidious Error
Sigmund-Freud,Sigmund Freud
Simba-Shadowy-Place,Simba Shadowy Place
Simpsons-Grandpa,Simpsons Grandpa
Simsimi,Simsimi
Since-When-Were-You-Under-The-Impression,Since When Were You Under The Impression
Sinestro,Sinestro
Skeptical-Baby,Skeptical Baby
Skeptical-Swardson,Skeptical Swardson
Skinhead-John-Travolta,Skinhead John Travolta
Skype,Skype
Sleeping-Shaq,Sleeping Shaq
Slenderman,Slenderman
Slick-Fry,Slick Fry
Slowpoke,Slowpoke
Small-Dog,Small Dog
Small-Face-Romney,Small Face Romney
Smilin-Biden,Smilin Biden
Smiling-Cat,Smiling Cat
Smiling-Jesus,Smiling Jesus
Smirk-Rage-Face,Smirk Rage Face
Smug-Bear,Smug Bear
Snape,Snape
Snoop,Snoop
So-God-Made-A-Farmer,So God Made A Farmer
So-I-Got-That-Goin-For-Me-Which-Is-Nice,So I Got That Goin For Me Which Is Nice
So-I-Got-That-Goin-For-Me-Which-Is-Nice-2,So I Got That Goin For Me Which Is Nice 2
So-I-Guess-You-Can-Say-Things-Are-Getting-Pretty-Serious,So I Guess You Can Say Things Are Getting Pretty Serious
So-Many-Shirts,So Many Shirts
So-Much-Drama,So Much Drama
Socially-Awesome-Awkward-Penguin,Socially Awesome Awkward Penguin
Socially-Awesome-Penguin,Socially Awesome Penguin
Socially-Awkward-Awesome-Penguin,Socially Awkward Awesome Penguin
Socially-Awkward-Couple,Socially Awkward Couple
Socially-Awkward-Penguin,Socially Awkward Penguin
Solemn-Lumberjack,Solemn Lumberjack
SonTung,SonTung
Sotally-Tober,Sotally Tober
South-Park-Craig,South Park Craig
Spacey-Casey,Spacey Casey
Spangles,Spangles
Sparta-Leonidas,Sparta Leonidas
Speechless-Colbert-Face,Speechless Colbert Face
Spiderman-Camera,Spiderman Camera
Spiderman-Computer-Desk,Spiderman Computer Desk
Spiderman-Hospital,Spiderman Hospital
Spiderman-Laugh,Spiderman Laugh
Spiderman-Peter-Parker,Spiderman Peter Parker
Sponegebob-Coffee,Sponegebob Coffee
Spongebob-Ight-Imma-Head-Out,Spongebob Ight Imma Head Out
Spongegar,Spongegar
Squidward,Squidward
Star-Wars-No,Star Wars No
Star-Wars-Yoda,Star Wars Yoda
Stephen-Harper-Podium,Stephen Harper Podium
Steve-Harvey,Steve Harvey
Steve-Jobs,Steve Jobs
Stoner-Dog,Stoner Dog
Stoner-PhD,Stoner PhD
Stop-Cop,Stop Cop
Storytelling-Grandpa,Storytelling Grandpa
Subtle-Pickup-Liner,Subtle Pickup Liner
Success-Kid,Success Kid
Success-Kid-Girl,Success Kid Girl
Success-Kid-Original,Success Kid Original
Successful-Black-Man,Successful Black Man
Sudden-Clarity-Clarence,Sudden Clarity Clarence
Sudden-Disgust-Danny,Sudden Disgust Danny
Super-Birthday-Squirrel,Super Birthday Squirrel
Super-Cool-Ski-Instructor,Super Cool Ski Instructor
Super-Kami-Guru-Allows-This,Super Kami Guru Allows This
Superior-Wadsworth,Superior Wadsworth
Surpised-Frodo,Surpised Frodo
Surprised-CatMan,Surprised CatMan
Surprised-Coala,Surprised Coala
Surprised-Koala,Surprised Koala
Surprised-Pikachu,Surprised Pikachu
Surprized-Vegeta,Surprized Vegeta
Suspicious-Cat,Suspicious Cat
Sweaty-Concentrated-Rage-Face,Sweaty Concentrated Rage Face
TED,TED
TSA-Douche,TSA Douche
Table-Flip-Guy,Table Flip Guy
Take-A-Seat-Cat,Take A Seat Cat
Talk-To-Spongebob,Talk To Spongebob
Tamou,Tamou
Team-Rocket,Team Rocket
Tears-Of-Joy,Tears Of Joy
Tech-Impaired-Duck,Tech Impaired Duck
Tennis-Defeat,Tennis Defeat
Terry-Davis,Terry Davis
That-Would-Be-Great,That Would Be Great
Thats-Just-Something-X-Say,Thats Just Something X Say
Thats-a-paddlin,Thats a paddlin
The-Bobs,The Bobs
The-Critic,The Critic
The-Most-Interesting-Cat-In-The-World,The Most Interesting Cat In The World
The-Most-Interesting-Justin-Bieber,The Most Interesting Justin Bieber
The-Most-Interesting-Man-In-The-World,The Most Interesting Man In The World
The-Probelm-Is,The Probelm Is
The-Problem-Is,The Problem Is
The-Rock-Driving,The Rock Driving
The-Rock-It-Doesnt-Matter,The Rock It Doesnt Matter
The-Scroll-Of-Truth,The Scroll Of Truth
These-Arent-The-Droids-You-Were-Looking-For,These Arent The Droids You Were Looking For
Theyre-The-Same-Picture,Theyre The Same Picture
Think,Think
Third-World-Skeptical-Kid,Third World Skeptical Kid
Third-World-Success-Kid,Third World Success Kid
This-Is-Fine,This Is Fine
This-Is-Where-Id-Put-My-Trophy-If-I-Had-One,This Is Where Id Put My Trophy If I Had One
Thumbs-Up-Emoji,Thumbs Up Emoji
Time-To-Fap,Time To Fap
Today-Was-A-Good-Day,Today Was A Good Day
Tom-Hardy-,Tom Hardy
Tomas-Rosicky,Tomas Rosicky
Too-Damn-High,Too Damn High
Too-Drunk-At-Party-Tina,Too Drunk At Party Tina
Too-Kool-Kyle,Too Kool Kyle
Torreshit,Torreshit
Tough-Guy-Wanna-Be,Tough Guy Wanna Be
Trailer-Park-Boys-Bubbles,Trailer Park Boys Bubbles
Travelonshark,Travelonshark
Troll-Face,Troll Face
Troll-Face-Colored,Troll Face Colored
True-Story,True Story
Trump-Bill-Signing,Trump Bill Signing
Turkey,Turkey
Tuxedo-Winnie-The-Pooh,Tuxedo Winnie The Pooh
Two-Buttons,Two Buttons
UNO-Draw-25-Cards,UNO Draw 25 Cards
USA-Lifter,USA Lifter
Ugly-Twins,Ugly Twins
Uncle-Sam,Uncle Sam
Unhappy-Baby,Unhappy Baby
Unhelpful-High-School-Teacher,Unhelpful High School Teacher
Unicorn-MAN,Unicorn MAN
Unpopular-Opinion-Puffin,Unpopular Opinion Puffin
Unsettled-Tom,Unsettled Tom
Unwanted-House-Guest,Unwanted House Guest
V-For-Vendetta,V For Vendetta
Vali-Corleone,Vali Corleone
Vengeance-Dad,Vengeance Dad
Viking-Dudes,Viking Dudes
Vladimir-Putin,Vladimir Putin
WTF,WTF
Waiting-Skeleton,Waiting Skeleton
Warning-Sign,Warning Sign
We-Will-Rebuild,We Will Rebuild
Weird-Stuff-I-Do-Potoo,Weird Stuff I Do Potoo
Welcome-To-The-Internets,Welcome To The Internets
Well-That-Escalated-Quickly,Well That Escalated Quickly
What-Do-We-Want,What Do We Want
What-Do-We-Want-3,What Do We Want 3
What-Year-Is-It,What Year Is It
Whisper-Sloth,Whisper Sloth
Who-Killed-Hannibal,Who Killed Hannibal
Why-Cant-I,Why Cant I
Why-Cant-I-Hold-All-These-Limes,Why Cant I Hold All These Limes
Why-Is-The-Rum-Gone,Why Is The Rum Gone
Why-Not-Both,Why Not Both
Will-Ferrell,Will Ferrell
Wink,Wink
Woah-Kitty,Woah Kitty
Woman-Yelling-At-Cat,Woman Yelling At Cat
Wrong-Neighboorhood-Cats,Wrong Neighboorhood Cats
Wrong-Number-Rita,Wrong Number Rita
"X,-X-Everywhere","X, X Everywhere"
X-All-The-Y,X All The Y
X-Everywhere,X Everywhere
X-X-Everywhere,X X Everywhere
Y-U-No,Y U No
Yakuza,Yakuza
Yall-Got-Any-More-Of,Yall Got Any More Of
Yall-Got-Any-More-Of-That,Yall Got Any More Of That
Yao-Ming,Yao Ming
Yo-Dawg-Heard-You,Yo Dawg Heard You
Yo-Mamas-So-Fat,Yo Mamas So Fat
You-Dont-Say,You Dont Say
You-Dont-Want-No-Part-Of-This,You Dont Want No Part Of This
You-Get-An-X-And-You-Get-An-X,You Get An X And You Get An X
You-Should-Feel-Bad-Zoidberg,You Should Feel Bad Zoidberg
You-The-Real-MVP,You The Real MVP
You-The-Real-MVP-2,You The Real MVP 2
You-Underestimate-My-Power,You Underestimate My Power
You-Were-The-Chosen-One-Star-Wars,You Were The Chosen One Star Wars
Young-And-Reckless,Young And Reckless
Young-Cardi-B,Young Cardi B
Youre-Too-Slow-Sonic,Youre Too Slow Sonic
Yuko-With-Gun,Yuko With Gun
ZNMD,ZNMD
Zoidberg-Jesus,Zoidberg Jesus
Zombie-Bad-Luck-Brian,Zombie Bad Luck Brian
Zombie-Overly-Attached-Girlfriend,Zombie Overly Attached Girlfriend
Zorg,Zorg
Zuckerberg,Zuckerberg
Zura-Janai-Katsura-Da,Zura Janai Katsura Da
confession-kid,confession kid
